Games before prediction,Accuracy,Euclidean Error
3,0.4193828351012536,1.25432465554
4,0.42593144560357676,1.24783836628
5,0.4408555327868853,1.24344650857
