Games before prediction,Accuracy,Euclidean Error
3,0.8738669238187078,0.681439842073
4,0.8307749627421759,0.713572494253
5,0.7771516393442623,0.770003887333
