Games before prediction,Accuracy,Euclidean Error
0,0.3981834293309703,1.26094108584
1,0.48249089253187616,1.20667135136
2,0.5165105386416862,1.18075190155
3,0.5319431051108968,1.17124738484
4,0.541430700447094,1.16292539842
5,0.5376024590163935,1.16898124758
6,0.5316499206768905,1.17683123522
7,0.5414207650273224,1.1654296059
8,0.5506500847936687,1.15758129772
9,0.5443501170960188,1.16242173962
