Games before prediction,Accuracy,Euclidean Error
3,0.4061234329797493,1.20687306105
4,0.4123447590660705,1.20032587442
5,0.4232581967213115,1.1945939104
