Games before prediction,Accuracy,Euclidean Error
3,0.601542912246866,1.0878803165
4,0.5809736711376056,1.11571026813
5,0.5692622950819672,1.13463068692
