Games before prediction,Accuracy,Euclidean Error
0,0.49572441293752767,1.19929539787
1,0.6074225865209472,1.09115132687
2,0.6203981264637002,1.07875106877
3,0.6286885245901639,1.07127797938
4,0.6291107799304521,1.06935893359
