Games before prediction,Accuracy,Euclidean Error
3,0.6680810028929605,1.01102759452
4,0.6435668156979633,1.03324256229
5,0.6160604508196721,1.06320720448
