Games before prediction,Accuracy,Euclidean Error
3,0.523023143683703,1.17728467441
4,0.5380526577247888,1.16533836544
5,0.5469518442622952,1.16102426213
