Games before prediction,Accuracy,Euclidean Error
3,0.7618129218900676,0.776116485329
4,0.7282414307004471,0.822061108931
5,0.7133709016393442,0.845857131865
