Games before prediction,Accuracy,Euclidean Error
3,0.9329797492767599,0.655596557701
4,0.9261301539990064,0.660400848157
5,0.9217469262295082,0.662571066623
