Games before prediction,Accuracy,Euclidean Error
3,0.6039296046287368,1.02022176378
4,0.6286885245901639,0.993606457884
5,0.6467469262295082,0.975514316372
