Games before prediction,Accuracy,Euclidean Error
3,0.5266634522661524,1.10020011672
4,0.545404868355688,1.07980829066
5,0.5638063524590164,1.06262219544
