Games before prediction,Accuracy,Euclidean Error
3,0.7049662487945998,0.994081830593
4,0.7051912568306011,0.991292249781
5,0.7018698770491802,0.997727650184
