Games before prediction,Accuracy,Euclidean Error
3,0.9547974927675988,0.634815456252
4,0.9482116244411326,0.638765050461
5,0.9476690573770492,0.640146738056
