Games before prediction,Accuracy,Euclidean Error
3,0.47810993249758915,1.21567160937
4,0.49234972677595623,1.20507493071
5,0.4989241803278689,1.20237615917
