Games before prediction,Accuracy,Euclidean Error
3,0.39737222757955637,1.26803732669
4,0.40432190760059616,1.26279259249
5,0.4144467213114754,1.26106303554
