Games before prediction,Accuracy,Euclidean Error
3,0.7113789778206365,0.987184513358
4,0.7094138102334824,0.99032347743
5,0.7123206967213115,0.987392103648
