Games before prediction,Accuracy,Euclidean Error
3,0.6985294117647058,1.0038627543
4,0.6919026328862394,1.00847033603
5,0.6906762295081967,1.00792458918
