Games before prediction,Accuracy,Euclidean Error
3,0.690212150433944,1.01656622402
4,0.6853949329359166,1.02371699675
5,0.686219262295082,1.02137231107
