Games before prediction,Accuracy,Euclidean Error
3,0.9684185149469624,0.623686425784
4,0.9668653750620964,0.62629800689
5,0.9628073770491803,0.629761159438
