Games before prediction,Accuracy,Euclidean Error
3,0.7421407907425266,0.798338211466
4,0.7202185792349727,0.830426986186
5,0.6901127049180328,0.87635988183
