Games before prediction,Accuracy,Euclidean Error
3,0.739344262295082,0.800906150447
4,0.7042225534028812,0.853100301206
5,0.6810963114754098,0.892936431613
