Games before prediction,Accuracy,Euclidean Error
3,0.5996383799421408,1.08869113742
4,0.5899403874813711,1.10287000398
5,0.5696977459016394,1.12913733647
