Games before prediction,Accuracy,Euclidean Error
3,0.4366923818707811,1.17984939069
4,0.4472429210134128,1.16750875757
5,0.4627561475409836,1.157001139
