Games before prediction,Accuracy,Euclidean Error
0,0.29124944616747894,0.715855123988
1,0.3363387978142076,0.689362047404
2,0.37077283372365344,0.673308698532
3,0.405159112825458,0.658499078142
4,0.4014406358668654,0.657208238149
5,0.41606045081967213,0.650887866306
6,0.3993389740877843,0.660449576483
7,0.4293169398907104,0.647722474157
8,0.428208027133974,0.64635247457
9,0.4268149882903981,0.645955744927
