Games before prediction,Accuracy,Euclidean Error
3,0.9172854387656701,0.682580262645
4,0.9124441132637854,0.68375996569
5,0.9138575819672131,0.683114072129
