Games before prediction,Accuracy,Euclidean Error
3,0.610486981677917,1.07168312909
4,0.5915797317436662,1.09913083626
5,0.5835809426229508,1.1089071886
