Games before prediction,Accuracy,Euclidean Error
1,0.7007513661202186,0.996519243974
2,0.7069320843091336,0.991116877446
3,0.7088717454194793,0.988769049605
4,0.7062593144560358,0.99149225552
5,0.7014600409836065,0.99418003591
6,0.7017715494447383,0.996173932038
7,0.7035792349726776,0.990958855908
