Games before prediction,Accuracy,Euclidean Error
3,0.7009643201542912,0.8449850062878866
4,0.6768504719324391,0.8850274307451476
5,0.6642930327868852,0.9051704814942919
