Games before prediction,Accuracy,Euclidean Error
3,0.926374156219865,0.6395153894454981
4,0.9222056631892698,0.6422848775368821
5,0.9217469262295082,0.6449903316469779
