Games before prediction,Accuracy,Euclidean Error
3,0.44725168756027,1.233251921053094
4,0.46115250869349234,1.2249706517129502
5,0.4652151639344262,1.2222766488012358
