Games before prediction,Accuracy,Euclidean Error
3,0.6921166827386692,0.9993794285580715
4,0.6891455538996523,1.0041578059936858
5,0.6913422131147541,1.0042015929285388
