Games before prediction,Accuracy,Euclidean Error
3,0.5774349083895853,1.1203463326146859
4,0.562046696472926,1.1446524588547575
5,0.5564549180327869,1.1477054938758906
