Games before prediction,Accuracy,Euclidean Error
3,0.48360655737704916,1.118619784861432
4,0.507103825136612,1.1027875842285209
5,0.5211321721311475,1.0889253026951689
