Games before prediction,Accuracy,Euclidean Error
8,0.6992085924250989,0.9912650535115314
9,0.699648711943794,0.992609564927469
10,0.7057984213721918,0.9870730266777554
11,0.70359394703657,0.9920865985971313
12,0.7029508196721311,0.9895637766228107
13,0.7024590163934425,0.9892636743663229
14,0.7086956521739131,0.9870691332628823
15,0.7104694485842027,0.9847851434962129
